V1,V2,V3,V4,V5,V6,V7,V8,V9,V10,V11,V12,V13
37848.96484375,37355.86,37728.402,37720.848,37504.414,37513.086,37124.75,37927.92,37851.906,37644.2,37655.027,37790.23,37744.727
3778.630859375,3722.3586,3762.788,3771.956,3744.4678,3736.2822,3696.9556,3788.842,3781.2148,3755.7368,3758.7349,3777.8167,3772.2183
9580.7958984375,9593.398,9581.941,9597.365,9598.846,9535.606,9592.213,9514.926,9531.116,9592.458,9585.384,9575.403,9564.013
2117.214111328125,2132.212,2173.974,2114.288,2137.727,2333.708,2194.6255,2273.744,2356.1199,2096.5015,2137.7302,2152.9402,2177.5298
1478.26611328125,1400.6074,1370.2946,1374.5369,1383.4379,1650.9019,1351.5828,1756.9901,1720.2911,1395.7445,1363.0032,1501.1301,1422.3336
521.5465698242188,479.6862,428.54004,451.037,461.41684,553.4567,474.51938,501.8013,576.8738,453.71594,612.4865,572.4005,592.1299
2652.274169921875,2485.707,2279.6948,2266.8472,2471.6938,2794.6863,2808.5386,2660.0447,2772.5967,2403.6663,2520.7146,2584.6003,2417.172
2134.234130859375,2123.243,1844.4705,1789.4861,2092.042,2157.004,2241.0835,2140.4832,2253.0833,1990.2795,2043.5406,2256.504,2112.5278
5918.23193359375,6101.3057,5550.8,5525.728,6071.7485,5942.4097,6160.074,5688.808,5939.414,5801.5337,6073.2324,5828.165,6033.6626
4873.21533203125,4883.3765,4913.261,4877.745,4880.1187,4851.394,4882.0967,4819.433,4825.4526,4916.0957,4875.4746,4892.1367,4850.612
368.7011413574219,362.70175,355.0506,365.86285,362.3499,377.06537,356.2255,406.38937,409.81876,354.0633,370.85526,366.20578,371.06058
1045.89599609375,1041.8304,1048.8177,1038.1166,1047.9448,1036.446,1027.8271,1050.5151,1035.4628,1052.8268,1040.0232,1039.4447,1028.8878
2159.7958984375,2180.6467,2180.7263,2166.875,2172.0605,2178.2983,2196.9795,2104.854,2165.3,2184.8179,2160.4822,2145.9146,2162.342
2182.6572265625,2192.0403,2190.1843,2176.2852,2188.0493,2182.0496,2202.8357,2124.6448,2163.9507,2196.6965,2170.435,2164.6943,2171.1604
3341.644775390625,3380.2275,3344.2922,3283.7485,3351.7925,3315.0393,3451.909,2864.3242,3137.3762,3450.2222,3292.9636,3251.2317,3248.8025
3341.644775390625,3380.2275,3344.2922,3283.7485,3351.7925,3315.0393,3451.909,2864.3242,3137.3762,3450.2222,3292.9636,3251.2317,3248.8025
11911.970703125,11924.43,11959.705,11913.491,11921.732,11912.752,11926.921,11887.67,11901.2295,11954.572,11931.433,11948.046,11902.429
4354.97900390625,4338.1143,4348.4004,4390.2373,4348.0522,4424.171,4349.2666,4438.79,4470.892,4330.3765,4347.474,4348.5747,4425.881
2697.796142578125,2630.8906,2569.761,2280.9175,2546.7827,2997.4736,2870.985,2885.1626,2952.4377,2297.5645,2287.3108,2455.3052,2411.6533
4163.2529296875,3999.8477,3939.9888,3883.8882,3994.018,4422.0425,4129.6113,4445.3237,4447.7456,3909.9043,4061.964,4197.901,4011.1511
2024.1243896484375,1714.1525,1699.8674,1707.7178,1728.2638,2017.699,1801.3687,2057.587,2065.644,1729.8323,1736.3479,1778.0096,1784.5691
2947.695068359375,2917.3042,2956.4187,2857.9705,2970.2234,3511.8696,3278.3308,3183.215,3522.7693,2964.5212,3410.8198,3610.0042,3539.3499
761.7913818359375,750.1769,751.49365,735.47296,745.7479,812.08636,749.53864,817.79785,818.1453,749.0875,777.60547,810.6057,765.1208
6225.5068359375,6201.005,5830.5,5398.4043,5919.8716,6665.79,6497.9355,6297.7754,6428.362,5519.9204,5418.7275,5588.2812,5820.2383
968.8577880859375,1017.4519,908.7572,968.65894,992.3285,995.80505,1017.78595,943.6223,968.22345,1000.8021,996.8658,989.7003,977.07837
2739.79638671875,2716.1406,2726.7197,2709.414,2690.707,2921.0322,2685.057,2994.7092,2966.7927,2671.0496,2707.9316,2888.2654,2739.2336
2201.7705078125,2095.9346,1547.0615,1723.2365,1992.8344,2049.2947,2079.1235,2147.227,2103.019,1583.303,2017.4318,1687.3099,1766.0879
3187.7216796875,2848.9885,1757.0236,1686.6989,2975.5688,2977.8113,3315.0015,2258.5342,3052.2598,2269.3604,3344.002,2687.2676,2128.4673
598.329833984375,619.2034,556.4802,562.7052,600.0909,660.2879,670.4618,575.1554,646.5345,563.1323,630.4496,570.95825,654.58856
3248.550537109375,3217.1104,3281.6348,3256.1965,3251.862,3658.9788,3355.2236,3469.1833,3671.8,3284.5742,3659.4297,3735.289,3713.3225
630.1945190429688,650.0083,600.1128,616.61334,679.1317,726.76184,637.53015,744.9586,732.93646,655.3213,645.64984,663.59174,638.5156
3858.62890625,3651.705,3358.791,3309.3171,3446.5825,3796.086,3578.727,3860.2349,3758.6064,3516.5789,3723.955,3875.253,3634.6672
1394.1156005859375,1449.3573,1293.7253,1306.6815,1365.3119,1437.8049,1302.3275,1519.1115,1462.1646,1370.2809,1466.9297,1467.3024,1356.6079
1090.013916015625,1097.1718,1018.6607,1033.0345,1095.8043,1070.3055,1111.2124,1099.8013,1094.4618,1062.113,1055.582,1053.4108,1085.684
1055.7890625,1034.549,968.3989,962.7214,1015.9548,1078.032,1087.1752,1124.6857,1139.7397,958.4787,963.13074,971.8974,997.94415
14583.98828125,15185.509,15408.608,15348.447,15647.355,14595.792,13833.803,15483.967,15250.218,15996.208,15305.121,15548.602,15540.419
2877.289794921875,2877.5657,2831.1396,2844.0562,2865.573,2872.5488,2880.402,2861.335,2863.6448,2835.0337,2829.5947,2827.6543,2872.9353
3106.525146484375,3100.611,3097.2834,3099.2612,3098.7026,3157.5417,3106.0427,3150.6802,3160.9778,3085.6938,3095.3215,3105.3882,3112.877
5648.89599609375,5643.1816,5655.6953,5651.108,5648.549,5618.5176,5651.657,5585.018,5594.376,5656.6626,5630.3135,5632.1084,5632.58
5643.18798828125,5637.631,5650.4854,5645.8643,5643.148,5613.2446,5646.313,5579.1934,5589.3926,5651.192,5624.699,5626.6807,5627.1123
6192.697265625,6196.705,6200.9297,6198.847,6197.15,6194.694,6199.1387,6166.2236,6180.821,6199.9907,6195.626,6189.213,6186.015
6206.68798828125,6208.631,6212.3647,6210.2207,6209.138,6206.36,6211.6147,6178.95,6192.4316,6212.4746,6207.891,6201.9424,6198.385
6199.70947265625,6202.665,6206.638,6204.528,6203.145,6200.536,6205.385,6172.595,6186.624,6206.2344,6201.7534,6195.589,6192.1973
5637.47607421875,5632.085,5645.243,5640.6143,5637.715,5607.9683,5640.966,5573.344,5584.4194,5645.7197,5619.082,5621.1953,5621.6284
2903.06103515625,2939.0178,2925.257,2925.303,2925.9827,2930.4526,2922.339,2930.8389,2944.4702,2896.4565,2893.127,2902.839,2916.2488
3296.812744140625,3286.5803,3296.7505,3293.7856,3302.3484,3284.1025,3287.724,3290.0173,3276.1108,3299.2786,3254.8333,3282.7085,3284.8203
2902.071044921875,2938.3672,2924.3206,2924.0967,2924.9119,2929.447,2921.227,2929.619,2943.3027,2895.3901,2892.014,2901.7876,2915.039
2997.734375,2986.271,3000.7478,3002.5745,2991.519,2965.0276,2986.7368,2977.908,2969.3855,3003.7754,2935.8264,2981.292,2989.5662
3244.615478515625,3292.447,3277.922,3287.059,3272.5383,3261.442,3251.8352,3280.8176,3287.5862,3243.1082,3231.0076,3242.8499,3252.2385
3245.81396484375,3293.4739,3279.0332,3288.4224,3273.7803,3262.583,3253.0947,3282.2615,3288.907,3244.2974,3232.293,3244.042,3253.6118
6622.25390625,6615.053,6622.896,6609.5464,6622.924,6619.8745,6629.8286,6587.019,6636.099,6618.4404,6640.3306,6646.981,6635.8496
7167.68994140625,7155.864,7180.5215,7155.283,7153.977,7274.7563,7160.682,7257.0,7300.596,7152.3223,7229.557,7284.095,7217.038
1644.90234375,1662.9156,1683.778,1682.033,1664.5747,1625.6202,1660.2251,1613.9727,1593.9908,1681.8099,1647.9268,1659.2129,1647.3804
2517.642822265625,2511.474,2516.2212,2511.0535,2512.1467,2537.3752,2513.9072,2532.2686,2538.0967,2505.887,2508.496,2509.7795,2513.236
4543.21923828125,4521.217,4400.609,4356.4863,4556.0146,4574.736,4573.8037,4585.7515,4508.96,4615.6523,4549.4956,4519.2285,4412.042
2169.66455078125,2167.9524,2224.999,2219.9084,2188.5364,2054.5012,2202.8694,1800.9213,1999.597,2214.378,2149.225,2129.7317,2141.6672
2320.201904296875,2306.908,2355.2627,2345.9438,2326.6443,2291.2896,2307.0327,2295.4805,2297.8652,2339.1665,2314.6228,2320.6726,2307.4412
3552.5302734375,3545.4944,3562.8245,3521.7036,3536.9143,3783.9534,3524.9004,3795.6255,3826.322,3529.7703,3625.074,3679.095,3588.351
1883.7413330078125,1881.9999,2035.7024,2039.0333,1900.9425,1748.9976,1977.6368,1733.9517,1876.9373,2004.5125,1961.8586,1903.1382,1952.4277
8934.625,8994.49,8997.123,8991.931,8980.907,8982.77,8979.813,8941.862,8977.938,8987.892,8991.424,8996.476,8980.438
10237.7431640625,10182.483,10260.634,10267.818,10205.095,10186.799,10154.991,9943.743,10082.259,10293.774,10126.84,10282.84,10211.571
7023.14404296875,7015.543,7051.8647,7039.5776,7032.122,7019.2476,7055.1924,6974.015,7031.6973,7041.138,7023.202,6954.781,7017.7593
6008.12841796875,5990.607,6038.822,6038.687,6016.4424,6038.068,6036.5356,5951.0283,6022.5913,6025.576,6008.307,6015.0884,6010.3403
12943.880859375,13101.553,13275.578,13154.751,13148.979,13031.726,13138.36,12960.357,13092.371,13167.95,13016.527,12949.8955,13149.758
18250.685546875,18430.281,18622.646,18476.46,18489.576,18350.262,18480.715,18249.238,18422.158,18472.68,18297.957,18205.045,18482.67
7283.32666015625,7295.111,7288.2573,7298.99,7300.6123,7239.4937,7293.3906,7216.5566,7234.3486,7295.0347,7285.359,7279.5205,7266.6426
12879.6318359375,12860.138,12929.923,12905.389,12885.173,12848.41,12912.39,12634.135,12824.954,12918.055,12891.592,12890.457,12862.288
7010.900390625,7004.6855,7012.995,7020.4077,7001.078,7078.4316,6987.2656,7142.855,7133.7935,7011.237,7018.932,7053.682,7033.0146
7003.73779296875,7003.724,7005.3086,7022.4985,6994.5215,7082.147,6979.647,7138.627,7134.2705,7002.5195,7019.26,7054.223,7031.5254
2630.61865234375,2621.8416,2623.8843,2633.1897,2624.077,2623.929,2616.3408,2637.1277,2631.7378,2633.3728,2633.0994,2631.5962,2624.3665
2010.3555908203125,1972.4829,1953.4576,1938.2064,1975.0302,2174.8818,1957.4474,2184.874,2171.4634,1956.4099,1971.8076,2003.0463,1996.7651
2010.3660888671875,1972.3805,1953.4338,1938.2184,1974.9673,2174.8035,1957.4683,2184.83,2171.4368,1956.4009,1971.8158,2003.0782,1996.7166
2010.3555908203125,1972.4829,1953.4576,1938.2064,1975.0302,2174.8818,1957.4474,2184.874,2171.4634,1956.4099,1971.8076,2003.0463,1996.7651
3201.35546875,3292.9856,3249.439,3181.484,3253.3716,3293.1511,3406.5552,2723.139,3135.4026,3343.2327,3216.9514,3109.2314,3205.9248
24206.43359375,24432.83,24464.11,24204.902,24419.793,24387.477,24439.326,24369.273,24441.422,24155.184,24208.803,24337.312,24276.912
732.97509765625,725.7576,776.34875,763.07324,727.5873,804.2814,699.31335,869.627,857.9015,741.5586,743.01575,784.1558,745.31177
3287.78857421875,3373.0503,3374.3245,3365.578,3262.2126,3357.124,3437.5593,3263.7068,3384.214,3284.858,3207.7957,3190.0378,3227.4387
3373.0751953125,3425.558,3397.3542,3348.1394,3338.4885,3382.597,3478.1274,3258.8975,3370.3809,3209.1484,3128.0132,3215.142,3310.9082
1138.8004150390625,1094.0392,863.0647,1106.364,1109.2137,1024.4891,1099.9473,982.5186,917.7184,1112.3169,975.7793,849.2382,1086.384
1116.1590576171875,1098.056,890.32196,1101.8732,1104.9514,1005.90656,1121.8845,977.6017,934.9339,1123.9755,1062.5696,877.6829,1083.9739
24161.5234375,24445.166,24494.93,24338.594,24382.19,24441.709,24482.686,24303.375,24433.082,24219.27,24339.127,24375.094,24296.225
4426.80322265625,4425.7837,4425.6753,4429.724,4426.385,4427.705,4425.587,4430.1914,4429.0176,4424.9653,4424.4927,4424.5405,4424.8438
5427.5830078125,5443.8013,5542.625,5516.1973,5457.4683,5338.93,5457.6157,5229.0684,5356.1333,5511.399,5438.978,5461.0776,5428.04
5444.99951171875,5459.964,5559.881,5534.0,5477.695,5356.627,5473.8716,5236.675,5373.253,5526.895,5453.513,5479.0537,5447.305
16844.216796875,16839.057,16944.227,16861.707,16869.617,16811.297,16875.35,16627.807,16791.383,16907.424,16832.016,16880.904,16805.201
16864.216796875,16857.812,16965.4,16880.904,16890.482,16837.309,16895.785,16660.018,16819.0,16930.85,16856.307,16908.258,16825.438
1086.6424560546875,1086.9102,1087.905,1087.6968,1087.5978,1085.401,1086.9095,1086.6232,1086.663,1087.5348,1087.575,1087.3541,1086.4419
11842.0146484375,11853.652,11890.58,11851.607,11863.127,11847.555,11876.938,11788.341,11859.707,11858.322,11852.107,11869.739,11864.741
1245.036376953125,1224.8054,1231.7327,1238.5524,1237.3009,1228.142,1219.649,1240.0532,1235.3827,1245.1812,1225.8477,1237.443,1229.3184
1853.6988525390625,1845.3618,1856.0431,1849.7212,1852.6301,1849.6847,1848.7177,1857.6052,1857.1575,1863.9214,1859.3748,1866.6631,1842.923
19817.927734375,19684.451,19794.7,19738.842,19765.938,19727.54,19716.377,19818.64,19806.277,19881.783,19831.506,19905.469,19666.031
24499.171875,24003.316,24204.727,24278.262,24201.117,24127.678,23821.857,24602.42,24458.512,24385.672,24259.66,24425.764,24310.29
1708.01416015625,1709.5967,1714.5715,1711.0952,1710.5364,1705.4358,1710.8958,1702.9347,1706.2997,1712.7448,1709.0571,1709.9938,1708.545
1762.14111328125,1768.0853,1733.9146,1754.4849,1760.0789,1749.3518,1734.5573,1760.9233,1733.7317,1770.7153,1735.3868,1746.8308,1740.6135
1461.104736328125,1467.6667,1446.5067,1454.8212,1463.1464,1445.6104,1464.2164,1435.7712,1418.0074,1474.014,1451.9496,1454.3124,1445.804
11251.5703125,11249.474,11264.941,11259.159,11261.258,11224.349,11260.129,11213.546,11220.675,11257.23,11251.857,11238.379,11253.958
514.1094360351562,487.81265,499.0666,502.33057,493.7146,505.2673,483.5277,512.067,507.14835,513.28046,487.96664,509.62216,502.00278
647.9630737304688,621.91656,636.1295,638.0955,635.2556,636.479,617.70154,642.96173,638.1821,646.6766,622.641,642.7978,637.3711
15743.4501953125,15707.607,15799.441,15710.991,15699.43,15999.062,15649.109,16101.388,16111.475,15676.16,15800.6,15907.495,15760.869
11383.4765625,11386.352,11387.508,11383.928,11378.14,11363.072,11405.533,11344.626,11370.372,11358.506,11330.763,11365.585,11375.548
9635.791015625,9634.045,9656.767,9647.302,9645.988,9602.199,9647.788,9572.614,9592.0205,9648.233,9629.761,9624.164,9638.659
15477.255859375,15474.935,15531.344,15497.524,15480.784,15446.511,15506.275,15355.802,15447.571,15512.111,15451.717,15473.385,15470.907
4027.614990234375,4037.9844,4069.4553,4039.234,4037.0637,4012.3586,4049.2654,4033.0195,4034.1807,4053.3406,4022.2407,4044.885,4043.4595
1068.3155517578125,1068.2522,1070.4753,1067.1943,1067.9065,1090.6515,1065.2715,1100.8461,1103.2289,1063.681,1072.6357,1080.9161,1073.6483
9061.564453125,9067.449,9084.491,9074.776,9071.147,9059.344,9075.647,9042.386,9061.934,9078.105,9067.47,9073.479,9064.399
2128.870361328125,2130.4595,2134.8132,2131.6475,2131.2268,2126.843,2131.5579,2125.5913,2127.8677,2133.1023,2130.0076,2130.7039,2129.6104
23276.759765625,23272.56,23336.057,23307.93,23285.055,23224.322,23292.432,23149.363,23205.443,23329.559,23261.688,23292.293,23262.414
15954.7802734375,15951.151,15978.636,15970.929,15964.171,15929.844,15958.931,15938.324,15937.768,15969.37,15955.589,15961.256,15959.137
14216.169921875,14211.628,14238.368,14231.862,14225.546,14188.477,14218.811,14203.645,14200.475,14229.315,14217.362,14221.326,14221.541
7044.38671875,7048.258,7074.908,7065.178,7052.743,7032.6885,7061.086,6979.8164,7027.248,7072.44,7050.569,7057.718,7048.162
1073.033935546875,1073.23,1074.1536,1074.0168,1073.8545,1071.8674,1073.229,1073.1241,1073.1292,1073.8396,1073.9847,1073.7021,1072.7002
9353.36328125,9354.912,9385.558,9359.638,9361.437,9348.044,9371.952,9298.663,9353.339,9369.232,9355.132,9369.961,9362.493
742.4270629882812,736.4537,740.04865,738.5825,737.59906,758.93604,740.18054,749.95886,761.0908,736.16095,739.8951,743.9063,747.2458
10235.3330078125,10348.865,10379.33,10249.922,10324.25,10371.461,10367.331,10304.332,10367.657,10353.01,10352.092,10399.789,10285.194
10993.341796875,11093.814,11121.574,10990.945,11062.746,11132.452,11124.349,11056.791,11132.127,11080.173,11110.769,11159.593,11036.511
14870.9169921875,14784.351,14777.761,14807.545,14922.793,14638.888,14875.976,14787.874,14671.297,14823.191,14804.903,14773.153,14802.181
6867.8603515625,6867.1035,6900.682,6882.76,6872.345,6855.46,6881.619,6794.1553,6851.212,6888.595,6862.5166,6874.2397,6864.563
1707.108642578125,1708.6968,1713.6891,1710.2198,1709.6484,1704.4987,1710.0027,1702.0079,1705.3696,1711.8682,1708.1473,1709.0791,1707.6534
1007.4863891601562,1009.08105,1000.2151,1005.89166,1005.7191,994.1873,983.08777,1004.7437,985.0275,1012.8253,987.47955,998.166,989.9807
744.5023193359375,747.4509,744.5969,741.9953,746.0956,728.63617,745.3904,723.0396,710.1378,754.5835,736.82294,738.0206,731.26263
10241.955078125,10238.427,10259.04,10249.37,10249.899,10213.426,10252.154,10186.492,10206.757,10250.746,10236.684,10233.951,10243.743
355.9333190917969,346.1248,350.13748,348.53412,347.77383,360.0576,360.5476,345.96457,359.14276,350.35437,352.35742,353.4631,357.18134
463.2594909667969,451.989,458.70386,457.51144,458.8556,464.17023,465.95206,449.70148,463.45447,461.48718,461.36835,459.52792,462.6358
8694.86328125,8664.517,8749.667,8718.165,8683.533,8728.373,8664.325,8728.285,8753.29,8654.305,8704.849,8704.924,8683.443
10820.353515625,10822.864,10831.589,10822.877,10825.045,10809.169,10833.083,10806.251,10807.773,10818.594,10807.924,10830.027,10810.182
9366.6259765625,9364.068,9383.92,9374.328,9374.164,9337.237,9376.826,9310.0,9325.147,9377.093,9360.112,9359.189,9368.052
10567.396484375,10596.866,10637.768,10587.023,10588.933,10584.508,10630.611,10425.291,10567.433,10605.37,10570.804,10581.524,10587.544
3553.787109375,3556.252,3586.403,3564.0142,3561.9062,3520.0593,3559.6482,3549.7273,3545.7664,3575.936,3552.3103,3559.4692,3560.82
1048.23876953125,1047.9067,1049.8552,1046.5188,1047.5961,1070.805,1044.8567,1080.7484,1083.0685,1043.71,1053.2443,1061.7468,1053.4061
8070.966796875,8075.5347,8086.9194,8080.4424,8077.8145,8067.6924,8081.547,8052.9224,8068.089,8083.179,8073.8374,8077.901,8071.8477
2127.58056640625,2129.17,2133.542,2130.3862,2129.9492,2125.5154,2130.2725,2124.2766,2126.551,2131.839,2128.7063,2129.4016,2128.329
22071.435546875,22074.174,22118.104,22102.193,22082.812,22032.514,22087.895,21978.69,22010.504,22120.295,22061.99,22086.855,22066.14
13672.9658203125,13672.703,13698.722,13681.5,13683.239,13647.967,13686.638,13619.42,13648.827,13688.043,13671.053,13677.377,13676.594
11937.7666015625,11937.168,11962.008,11946.158,11948.327,11912.979,11950.663,11891.567,11915.164,11951.602,11936.6,11941.771,11943.36
5977.84423828125,5990.8237,5985.584,5998.172,5988.555,5980.492,5996.329,5948.0034,5970.1606,6003.471,5990.0044,5993.7637,5990.759
5976.4404296875,5963.4062,6019.357,5993.4297,5980.7417,5903.616,5983.832,5796.1147,5896.8564,6000.6265,5951.77,5949.351,5938.643
6922.14404296875,6926.513,6942.2725,6926.2876,6929.2363,6921.647,6936.4546,6886.3286,6922.741,6932.1426,6924.545,6934.7085,6929.6323
364.7572937011719,354.95596,359.14218,358.67343,357.33835,373.45297,360.2432,363.94983,373.046,358.53674,360.14075,361.42963,367.48795
7593.28759765625,7669.2275,7657.984,7568.619,7655.521,7674.864,7676.84,7629.538,7663.717,7683.7803,7653.902,7700.047,7610.1826
7970.20751953125,8041.671,8019.9614,7933.165,8026.6045,8052.4966,8052.399,7998.0024,8043.353,8053.8604,8030.254,8076.58,7981.2095
11389.9599609375,11188.582,11150.145,11139.441,11325.268,11220.0205,11179.434,11378.923,11287.526,11224.847,11230.241,11271.957,11289.565
5244.4345703125,5244.4077,5272.726,5258.7217,5249.495,5232.7017,5256.87,5180.1646,5229.61,5261.878,5239.6094,5248.0176,5241.5034
11135.927734375,11147.962,11181.546,11159.513,11154.773,11119.704,11155.598,11111.505,11128.018,11169.621,11146.514,11150.813,11140.207
983.2103881835938,984.61584,976.11414,981.6462,981.3646,969.76764,958.77325,980.2686,960.3147,988.48737,963.28925,973.69995,965.4852
7248.36474609375,7276.594,7251.6973,7223.889,7263.9214,7089.1934,7255.6553,7034.288,6901.237,7348.487,7171.8755,7183.053,7114.8286
6650.22412109375,6647.9307,6660.67,6655.2534,6656.821,6630.42,6658.067,6617.5107,6628.8403,6653.8438,6646.352,6642.4355,6651.979
118.6308364868164,120.554794,123.74461,119.00193,120.224815,125.17189,125.10107,120.70476,124.92172,116.60553,116.58316,119.374435,122.98616
218.3203125,219.30925,222.54112,220.35498,219.25287,221.3544,222.53735,216.60657,221.25221,218.84804,215.5768,217.7822,220.79973
4646.63330078125,4623.38,4716.8013,4660.08,4636.057,4702.9507,4623.0493,4717.6543,4739.2373,4614.303,4654.983,4670.4453,4645.512
8038.634765625,8042.0903,8043.564,8038.3184,8038.7964,8027.233,8046.1104,8031.5044,8027.0747,8030.849,8024.0635,8042.4136,8022.938
6175.07666015625,6173.526,6186.2456,6180.322,6181.108,6154.7295,6182.9365,6139.402,6147.24,6180.8877,6170.2324,6169.3535,6177.0835
8088.44140625,8111.6694,8137.6978,8097.05,8110.7827,8099.7935,8139.3203,7945.153,8075.629,8111.306,8087.8667,8093.8184,8094.8174
2905.60986328125,2909.2415,2935.4077,2915.6929,2913.0103,2871.4292,2912.3606,2907.1594,2900.88,2926.0244,2906.839,2909.1228,2913.1853
8981.828125,8973.711,8987.601,8961.428,8975.681,9172.061,8948.367,9280.879,9298.325,8938.437,9017.845,9086.878,9029.408
4454.13623046875,4456.4585,4467.988,4463.9116,4458.2695,4442.23,4461.036,4430.905,4438.9233,4466.565,4450.652,4455.3667,4449.8096
5385.357421875,5388.3057,5394.7266,5392.2666,5390.248,5381.029,5392.374,5379.5264,5381.747,5393.721,5385.794,5386.132,5384.4204
1415.4046630859375,1416.6307,1419.2278,1417.4253,1417.1154,1414.2449,1417.1311,1414.8281,1415.3473,1418.2097,1416.5978,1416.7178,1416.0898
15922.4443359375,15923.506,15977.595,15956.585,15935.091,15874.52,15939.347,15797.846,15851.094,15974.263,15908.495,15931.351,15911.823
9131.283203125,9131.522,9147.983,9135.701,9139.455,9115.592,9142.461,9101.972,9116.367,9139.996,9129.924,9135.008,9135.265
7928.2294921875,7928.2017,7944.1597,7933.1177,7936.7944,7910.5093,7938.8184,7902.82,7913.7446,7936.0386,7927.0615,7931.1924,7932.091
11720.7470703125,11714.121,11750.9,11734.6455,11722.01,11680.236,11721.322,11646.797,11662.399,11747.247,11698.251,11717.561,11701.983
4199.22802734375,4209.016,4225.808,4222.1626,4211.874,4193.7935,4217.6943,4149.6763,4187.8726,4227.2666,4208.8003,4212.85,4208.86
3772.353759765625,3773.5884,3779.881,3775.826,3777.3164,3768.9575,3774.9246,3770.7114,3773.6653,3776.86,3777.3186,3778.4055,3771.927
24297.896484375,24273.625,24425.29,24320.615,24311.318,24255.389,24347.357,24119.477,24300.04,24358.367,24294.53,24344.2,24322.908
3768.382080078125,3778.5093,3784.1052,3773.4937,3769.3542,3840.5906,3769.573,3840.9675,3868.9287,3751.7917,3778.3684,3809.7847,3784.4807
2630.3603515625,2636.0322,2694.9204,2668.1394,2648.72,2688.261,2658.6729,2655.838,2693.65,2642.276,2686.7996,2689.1555,2663.4548
3010.27490234375,3014.2004,3078.8882,3046.5127,3023.8677,3074.0088,3029.838,3039.9546,3081.5278,3015.556,3069.8665,3074.0762,3039.293
3456.3466796875,3461.53,3479.7712,3477.346,3483.5144,3389.3972,3465.0645,3364.7258,3361.0203,3475.5618,3470.5774,3423.839,3448.808
1623.3311767578125,1622.5061,1628.1537,1623.4615,1622.6959,1622.4666,1624.8005,1613.7168,1621.2902,1626.704,1622.7319,1625.8125,1622.8027
3508.966552734375,3507.7368,3519.4617,3511.0308,3509.1018,3503.9065,3511.6404,3483.3528,3500.7705,3516.5347,3506.6184,3512.8806,3505.9968
5934.98779296875,5938.593,5955.6045,5942.61,5941.5464,5925.4033,5944.111,5906.8745,5925.304,5949.195,5934.5825,5939.827,5935.948
3593.382080078125,3592.381,3599.826,3596.0938,3595.149,3582.728,3595.8823,3569.4192,3578.651,3598.195,3591.2825,3591.1248,3591.748
3735.439453125,3679.1716,3838.1853,3875.0085,3708.153,3763.495,3594.1116,3901.2966,3879.5999,3866.9907,3898.7234,3888.028,3787.1553
2780.221923828125,2779.9143,2784.977,2783.345,2781.5103,2778.449,2783.8582,2766.4314,2776.6682,2782.2366,2777.521,2782.1606,2782.033
3191.944580078125,3190.9905,3197.7827,3194.4307,3193.5623,3181.8535,3194.3079,3170.0532,3177.8523,3196.2825,3189.9146,3189.5159,3190.5442
2477.754150390625,2475.4734,2498.8838,2487.1716,2473.7275,2479.2383,2487.1394,2472.1428,2486.6372,2491.9316,2477.8604,2489.0222,2488.8994
6462.42431640625,6460.421,6500.03,6475.0073,6476.16,6430.8975,6452.549,6373.5415,6418.058,6485.0796,6457.81,6479.906,6443.6406
1492.7125244140625,1497.2103,1509.8917,1497.2467,1492.8739,1530.8235,1491.0845,1525.841,1531.3357,1490.4843,1511.6813,1529.4528,1503.8998
2683.62841796875,2685.954,2691.6362,2687.3792,2686.3274,2684.9927,2688.5005,2671.8103,2682.895,2688.6228,2686.4421,2688.5737,2685.1296
7121.109375,7124.571,7143.4517,7129.2427,7127.8306,7110.749,7130.5156,7090.7065,7110.7104,7136.4175,7120.5493,7126.7036,7121.6074
8808.73046875,8809.29,8808.156,8805.855,8808.136,8832.829,8807.093,8836.663,8836.682,8805.695,8814.683,8834.605,8814.58
1245.129150390625,1255.424,1253.9855,1249.2688,1251.4222,1250.2668,1257.5187,1228.2358,1249.3635,1254.2883,1251.4542,1255.4967,1251.9545
6107.2373046875,6106.5796,6103.6377,6103.417,6104.78,6130.2827,6101.236,6147.2812,6145.9805,6103.7183,6110.8975,6129.6104,6112.7544
4541.05322265625,4540.6343,4550.757,4544.86,4543.6367,4531.192,4543.8896,4515.3706,4530.8774,4547.2627,4540.162,4542.267,4539.7197
4009.90380859375,4009.3196,4017.8367,4013.0034,4012.0532,4000.6946,4012.2478,3987.1396,4000.1147,4015.1182,4009.1409,4010.3127,4008.6597
1745.18212890625,1747.1901,1740.5669,1743.6279,1743.667,1769.4415,1741.1135,1775.2754,1774.1797,1742.4585,1747.3839,1752.9679,1750.391
988.1461181640625,986.28754,992.34674,991.1743,985.94763,1008.6853,980.03815,1031.4014,1029.1556,985.1675,989.5862,1004.23016,995.4331
2345.277099609375,2342.3606,2342.011,2359.58,2340.7263,2400.9102,2325.9626,2486.526,2471.337,2335.6318,2340.8076,2367.5024,2370.5566
2021.418212890625,2024.5623,2015.9324,2021.6866,2013.6356,2041.923,1996.1903,2095.1094,2087.0273,2030.2463,2032.5215,2088.796,2062.1438
479.8634338378906,477.1029,480.72818,481.72,477.28735,486.10275,473.37656,498.59473,496.77435,478.6595,478.90283,485.28033,481.9529
6782.06005859375,6787.369,6746.044,6779.079,6764.5654,7000.399,6710.1255,7197.763,7186.7075,6736.7046,6799.9927,6935.347,6896.5527
1228.2574462890625,1226.5482,1232.5096,1272.7987,1225.1705,1252.8761,1214.605,1316.4103,1303.0107,1229.8445,1223.0632,1239.1345,1252.1648
5714.77392578125,5715.194,5693.1196,5688.681,5717.0547,5838.942,5722.6636,5834.2144,5826.3066,5714.6836,5730.0493,5739.761,5718.911
534.5404052734375,533.2272,533.0495,529.2132,532.49896,563.3873,526.9527,581.1072,579.8287,527.5746,533.46436,547.6367,540.05005
1146.619384765625,1135.6055,1172.7552,1179.0842,1140.7593,1185.1473,1120.7769,1232.4828,1226.5643,1143.9586,1151.6123,1176.498,1155.6292
11544.23828125,11474.147,11719.323,11534.711,11437.815,12338.988,11350.648,12645.605,12703.97,11376.51,11613.803,11996.034,11714.33
3782.315673828125,3763.0066,3789.925,3810.3193,3751.7646,3941.8987,3720.9365,4064.053,4062.0854,3747.9412,3803.1865,3854.3918,3822.4233
2439.850341796875,2447.0566,2459.9812,2465.808,2441.6265,2467.6714,2422.9219,2523.2827,2512.654,2463.6843,2458.4893,2508.31,2493.272
860.8029174804688,868.35614,896.3595,863.318,867.657,872.23175,846.76166,912.66644,906.07007,856.82465,849.5098,881.4213,864.79877
2011.3880615234375,1748.8955,1767.3547,1678.6536,1777.5219,2044.9517,1818.2335,2068.6997,2081.0151,1772.833,1826.8369,2060.587,1807.8167
2303.83056640625,2288.121,2347.0166,2325.5232,2287.8086,2418.9746,2261.7795,2500.0432,2498.8618,2281.7852,2316.4158,2378.558,2330.501
4654.09912109375,4637.1143,4686.4106,4689.197,4633.774,4823.183,4594.4683,4988.5254,4973.4556,4623.419,4662.0186,4747.0044,4702.346
6152.20263671875,6112.663,6314.3906,6104.3135,6104.512,6256.26,6058.3364,6352.96,6344.5723,6126.281,6095.839,6253.8916,6119.7363
7177.42431640625,7178.617,7193.9736,7177.7554,7176.163,7168.944,7179.383,7145.4575,7159.7114,7191.355,7174.8013,7184.8926,7166.8335
10998.076171875,11050.274,11185.175,11076.516,11046.443,10869.468,11074.225,10404.676,10767.466,11144.225,10987.953,11059.384,10910.875
801.9244384765625,796.8358,827.4124,808.03735,805.4888,773.79456,814.7524,666.6262,769.0358,817.05975,788.3055,812.46936,796.5877
8446.494140625,8431.923,8797.058,8467.417,8513.399,8168.48,8606.718,8043.603,8103.4897,8787.771,8431.259,8474.039,8305.023
25039.9921875,25425.123,25848.992,25901.703,25874.45,24737.135,24182.756,25576.783,25352.2,26357.533,25457.943,25723.455,25765.672
4074.525634765625,4108.802,4131.2227,4071.8833,4094.9517,4102.4595,4104.3315,4062.6277,4095.3027,4125.304,4124.3184,4138.5503,4083.0334
7278.41015625,7339.748,7422.554,7340.9165,7326.056,7220.697,7326.133,7027.0815,7191.4478,7374.617,7307.962,7352.6733,7240.5728
16944.861328125,16952.291,17188.236,17030.578,16998.205,16795.582,17020.564,16381.68,16738.977,17129.936,16914.031,17015.143,16877.578
5289.255859375,5305.5015,5318.95,5294.289,5299.4854,5275.6577,5300.127,5263.604,5255.4946,5325.5986,5300.24,5309.114,5276.192
3234.50927734375,3246.4304,3243.5002,3159.9597,3230.9734,3216.6494,3226.0786,3234.2786,3194.4792,3258.594,3188.8315,3241.3691,3183.9524
1786.054931640625,1784.6041,1783.5894,1792.067,1786.968,1761.3119,1751.4595,1780.4167,1743.0369,1798.0275,1757.0204,1760.0028,1773.1069
2310.805419921875,2314.281,2323.6216,2317.795,2315.599,2308.8865,2316.14,2294.4575,2306.8801,2322.1907,2317.1484,2319.6733,2309.938
3085.130859375,3089.3271,3098.9158,3092.2874,3090.3318,3082.9856,3090.9995,3067.6973,3080.281,3097.6511,3091.866,3094.574,3084.0735
9697.1318359375,9714.815,9723.451,9693.542,9715.134,9625.684,9731.556,9543.561,9578.367,9691.131,9654.667,9512.664,9622.4795
9639.71484375,9677.354,9643.259,9719.184,9611.482,9720.247,9765.445,9509.919,9710.085,9603.487,9727.375,9755.0205,9726.507
1067.85546875,1070.3983,1072.1821,1074.5356,1066.0009,1067.1941,1059.3877,1068.4941,1069.5529,1070.5027,1073.6111,1071.2943,1071.8295
1795.85546875,1798.3983,1800.1821,1802.5356,1794.0009,1795.1941,1787.3877,1796.4941,1797.5529,1798.5027,1801.6111,1799.2943,1799.8295
6485.64794921875,6483.99,6540.4985,6427.781,6501.501,6448.78,6558.2397,6028.6514,6378.5063,6522.02,6449.6724,6474.9355,6463.207
7288.2138671875,7307.9263,7268.362,7236.879,7316.8945,7594.362,7543.1284,7495.6523,7622.5977,7268.763,7399.9536,7485.6006,7361.1455
26586.32421875,26447.49,27048.557,26386.543,26534.615,27160.027,26578.596,26979.88,27131.486,26888.627,26690.299,27177.635,26368.47
1912.4920654296875,1894.284,1968.6962,1993.1737,1898.4241,1933.4033,1889.5537,1968.9281,1988.9634,1896.9813,1935.4087,1929.2736,1936.1443
1971.3033447265625,1988.8798,2094.2188,1978.9636,1981.4175,2134.4841,2001.4109,2091.0562,2145.9648,1963.0488,2071.1677,2109.9905,2020.973
3130.0556640625,3129.6982,3356.095,3269.5955,3135.3713,3339.3389,3140.019,3293.8384,3380.4329,3143.2146,3253.0957,3324.9028,3229.3774
1436.336669921875,1441.3849,1480.4226,1440.7828,1435.5427,1577.6553,1425.8191,1585.7046,1605.7102,1432.6274,1476.9758,1560.7534,1472.1428
7678.57373046875,7780.7036,8032.1396,7974.6035,7897.3867,7917.5938,7971.5303,7611.307,7973.882,7876.3306,7952.56,7977.701,7910.237
492.2372131347656,483.07068,517.00824,511.1059,503.89322,505.89148,505.41385,495.12973,512.06995,502.29886,511.3872,508.03412,504.79025
3011.162109375,3021.3792,3060.4148,2978.0552,3000.7458,3156.4578,3013.8398,3107.8677,3140.6213,2966.5374,2995.4656,3033.7485,3018.1782
569.695556640625,572.8205,568.4009,570.32214,569.0673,599.3957,574.5496,598.36633,614.319,563.74634,583.3133,575.4115,579.39594
1984.101806640625,1992.6146,1996.4115,1990.836,1983.9877,2061.4573,1980.1782,2077.742,2088.4744,1975.8962,2006.5574,2030.8499,2007.8729
1118.18017578125,1129.654,1155.9127,1126.7686,1117.7544,1220.9552,1109.4336,1212.47,1229.5797,1104.6343,1124.2657,1151.0854,1151.3593
1960.92333984375,1965.7173,2020.354,1976.1018,1961.5624,2068.72,1963.7399,2076.2708,2097.3252,1947.522,1978.4929,2011.5444,1994.396
444.8587341308594,449.12582,426.5746,461.38104,441.25128,490.49124,444.69907,494.38867,508.1497,423.25076,446.2941,427.12628,468.47556
3375.80859375,3334.3958,3492.4685,3441.8406,3351.498,3496.386,3373.4624,3464.3257,3561.5251,3347.0571,3497.9912,3452.589,3405.8215
1151.645751953125,1159.8049,1283.8032,1162.4338,1155.8412,1340.1987,1161.0762,1320.1864,1360.4778,1149.1329,1299.9937,1341.9783,1206.2491
386.3524475097656,388.15012,397.7157,385.9515,386.00778,431.62973,386.6109,419.54257,435.87228,382.82745,399.8586,424.95322,394.68048
4088.233642578125,4001.8682,4205.2046,4122.092,4037.9229,4345.7134,4213.9277,4201.0938,4439.657,3973.8174,4252.378,4070.2,4138.024
2485.12890625,2483.0588,2476.9067,2473.4102,2470.5093,2598.039,2503.8486,2545.478,2616.3235,2461.9863,2530.263,2508.8262,2504.7285
1106.0020751953125,1096.6035,1145.5347,1106.855,1098.6187,1206.8987,1103.4965,1171.9113,1224.3333,1092.1611,1151.426,1173.438,1131.3464
1466.08447265625,1462.6226,1561.3811,1473.1877,1471.4336,1586.5256,1510.9095,1551.598,1601.162,1463.7451,1589.9774,1592.1195,1489.1007
1169.773681640625,1176.0754,1161.0468,1153.4895,1163.4719,1280.8346,1185.5409,1219.9052,1298.07,1150.1119,1246.2463,1217.8892,1188.0298
798.4686279296875,802.8841,796.0495,798.38385,797.44214,847.07825,796.98083,856.16724,861.6298,791.9084,806.37445,810.6279,807.73267
2448.57861328125,2473.5378,2468.9658,2460.25,2439.8286,2624.755,2433.1074,2638.4524,2666.3877,2427.151,2488.8425,2564.1375,2489.405
1245.5458984375,1243.2256,1244.7318,1235.0167,1229.5964,1382.8895,1222.5568,1415.3685,1418.1461,1221.3818,1245.0269,1279.3746,1256.4855
4075.139892578125,4130.735,4055.9429,4103.988,4087.6528,4165.1475,4155.033,4189.499,4256.764,4042.8174,4116.4473,4074.6392,4127.094
16249.271484375,16191.871,16303.1875,16320.55,16233.56,16238.004,16201.218,15904.001,16116.667,16332.583,16149.818,16316.733,16240.592
23828.009765625,23302.232,23641.545,23660.412,23433.873,23492.139,23073.084,23928.31,23846.094,23565.596,23589.55,23750.904,23681.656
3215.645263671875,3231.7886,3252.297,3236.979,3237.6108,3222.5342,3239.002,3211.4941,3229.869,3240.2253,3221.777,3213.3027,3236.8013
6841.54296875,6828.302,6836.7676,6843.099,6830.3784,6901.9585,6825.007,6956.734,6958.041,6832.6045,6852.443,6858.61,6859.199
8499.7509765625,8512.461,8507.465,8516.698,8518.836,8453.239,8511.034,8427.946,8446.715,8513.605,8501.592,8496.593,8482.554
12162.94921875,12172.099,12183.948,12175.993,12177.907,12134.394,12174.423,12106.997,12120.438,12182.796,12163.286,12164.988,12155.89
5810.9150390625,5809.1313,5832.52,5817.28,5813.2715,5804.618,5820.031,5756.197,5806.2764,5830.1816,5808.973,5816.332,5809.0425
1889.2362060546875,1887.41,1893.7208,1893.7314,1889.9126,1878.1299,1890.2313,1876.769,1875.5541,1892.2418,1886.3151,1885.0131,1886.7318
2377.958984375,2326.5107,2460.2097,2649.5613,2496.0764,2515.7866,2625.4224,2444.3594,2672.7576,2295.389,2363.462,2342.0308,2602.472
4010.864990234375,4010.8376,4011.404,4010.6091,4011.065,4010.352,4011.1108,4008.6172,4010.0876,4011.4504,4010.7634,4011.0947,4010.4016
2122.73046875,2112.567,2122.0168,2118.2593,2118.892,2113.524,2122.4033,2111.5095,2115.5757,2121.7627,2113.1836,2111.614,2116.6592
6739.47802734375,6676.168,6587.954,6682.78,6804.2397,6587.958,6880.0947,6773.6895,6792.7544,6468.0967,6602.8345,6545.4453,6834.242
583.1682739257812,591.7372,594.4368,600.10693,572.7096,548.5852,556.3602,479.68292,516.84467,581.0067,497.2666,522.3408,528.20404
4686.15185546875,4680.22,4673.2085,4680.671,4692.3047,4670.3774,4702.4424,4687.473,4689.887,4661.4478,4675.206,4667.162,4694.882
4398.8818359375,4398.4097,4394.536,4398.1123,4397.8325,4395.497,4394.538,4399.292,4396.442,4394.1284,4394.333,4394.8955,4396.743
2143.86083984375,2215.1206,2297.9556,2241.8484,2208.6646,2196.076,2225.0525,2175.012,2208.2893,2253.252,2230.8262,2251.3967,2198.4836
3752.388916015625,3776.1877,3766.0627,3776.5923,3776.6511,3764.9587,3793.1038,3749.7825,3762.6445,3801.658,3805.7332,3811.4348,3790.4211
2201.05419921875,2221.8184,2247.3865,2236.3306,2233.0947,2204.7356,2247.3804,2161.3843,2214.1333,2214.822,2213.589,2198.1914,2209.9768
2244.1005859375,2264.3894,2288.965,2280.613,2277.2769,2231.0308,2283.3655,2211.4211,2258.9817,2248.674,2259.075,2236.7854,2255.7488
2914.721923828125,2945.55,2919.261,2889.3289,2941.1533,2929.6296,2962.2305,2915.4692,2928.6704,2951.2236,2880.5835,2970.1855,2911.465
1377.6385498046875,1390.8158,1409.826,1401.8046,1398.7194,1382.6976,1413.8811,1339.5054,1388.3986,1383.5334,1387.1804,1372.0299,1383.4205
1350.9989013671875,1376.124,1395.8293,1390.354,1389.1989,1345.9437,1390.2825,1337.5115,1376.2067,1356.4124,1376.4257,1348.8427,1374.2596
7461.7880859375,7578.3755,7393.744,7443.386,7474.989,7545.257,7491.216,7528.8296,7467.8667,7533.0146,7482.796,7449.004,7475.7827
7083.328125,7193.5493,6982.8857,7037.5376,7153.235,7154.04,7168.9985,7102.365,7056.424,7149.27,7071.566,7042.1494,7095.758
969.7774047851562,970.70807,977.45087,973.01447,972.4701,970.6592,973.07434,968.7512,972.8846,974.64655,973.2323,975.21875,971.5667
6105.65234375,6092.3145,6145.733,6119.606,6108.159,6035.762,6111.939,5928.399,6027.951,6127.0137,6081.81,6079.7305,6066.7183
822.7852783203125,830.68976,837.13965,833.97144,833.8797,820.2988,832.58655,819.79785,825.44025,829.3938,825.483,824.2067,826.30554
8853.517578125,8884.1045,8937.027,8911.281,8891.506,8798.448,8881.425,8732.597,8815.104,8860.447,8826.197,8828.065,8808.0205
10630.4921875,10560.172,10739.91,10659.221,10609.816,10495.408,10635.146,10286.6455,10492.374,10694.338,10582.621,10632.735,10542.936
3272.984375,3267.521,3276.6436,3281.529,3271.8076,3255.35,3243.2854,3277.1821,3265.2036,3267.0405,3248.8835,3254.8484,3264.192
1331.428955078125,1343.5248,1361.4553,1353.5599,1351.2233,1336.2749,1365.9722,1293.9114,1341.2046,1336.0675,1339.8385,1324.5848,1336.2397
1302.062255859375,1325.9893,1344.8596,1339.6636,1338.8658,1296.7361,1340.3053,1288.3397,1325.7999,1306.7662,1325.8563,1297.9744,1324.5868
5307.18017578125,5309.951,5327.2373,5316.476,5312.9644,5301.049,5314.569,5279.8735,5304.5073,5320.1274,5309.0,5316.4927,5307.868
1750.95947265625,1753.227,1722.6953,1758.5159,1741.0906,1761.9976,1776.0206,1741.3816,1772.7443,1717.9026,1751.2305,1724.652,1748.7648
2180.982666015625,2176.3757,2182.4304,2177.1995,2176.454,2206.015,2175.8774,2204.554,2208.9224,2172.1575,2176.5068,2179.4932,2179.6921
329.6643371582031,328.91748,329.00024,329.5495,328.8079,327.45258,329.90628,323.06946,326.4479,329.2906,325.8221,324.99512,328.84302
556.3683471679688,560.82,555.6729,556.3148,556.0824,560.0171,560.352,559.81464,561.2182,556.5204,558.1022,561.4393,558.0644
617.078369140625,839.33563,337.39685,690.2302,445.61462,1004.8148,213.3612,1409.9326,942.0004,751.3513,342.0796,591.31055,576.0261
10210.6259765625,10140.381,10218.939,10212.86,10161.968,10084.642,10179.918,10029.405,10030.986,10230.695,10085.14,10103.106,10116.246
2199.328857421875,2198.72,2205.9194,2201.6829,2199.38,2194.6677,2196.5862,2196.0764,2190.321,2209.1863,2201.757,2202.1455,2192.4207
7741.16015625,7748.7144,7752.3535,7743.0522,7746.275,7739.754,7747.8013,7728.8965,7731.1274,7754.7573,7746.3345,7747.9146,7740.5835
9702.205078125,9660.506,9702.926,9698.683,9697.122,9660.433,9697.332,9467.084,9607.734,9700.273,9662.211,9676.183,9643.17
14105.720703125,14196.015,14011.298,13729.078,14205.588,14224.432,14347.26,13745.957,14189.05,14011.681,14183.613,14246.833,14203.919
8287.6201171875,8290.263,8467.374,8329.946,8339.141,8209.945,8318.293,8001.4966,8211.53,8426.134,8327.761,8411.571,8280.0205
18038.08203125,17997.44,18292.088,18123.475,18073.68,17815.965,18032.61,17635.129,17818.52,18221.145,18015.26,18125.396,17971.043
1573.574951171875,1695.4205,1702.1649,1690.1332,1665.1255,1638.5177,1595.5796,1680.4844,1672.6138,1688.2057,1678.379,1654.8796,1676.8126
1435.873779296875,1494.1665,1506.7665,1490.2496,1475.0409,1463.2899,1488.0455,1417.6619,1478.8016,1475.3,1472.7548,1480.9988,1480.3588
2464.14501953125,2502.3076,2334.9573,2473.2444,2475.9229,2363.6453,2491.245,2373.3445,2307.3767,2480.8335,2235.2878,2233.7112,2354.5842
2635.273681640625,2794.5017,2647.1396,2760.7302,2748.562,2775.3704,2747.0107,2645.7937,2742.4238,2778.8782,2644.309,2562.8882,2718.4443
4414.07470703125,4307.1323,4222.2173,4118.485,4414.284,4694.8647,4742.0845,4349.605,4705.6826,4458.827,4164.8335,4153.158,4576.7817
2953.158203125,3145.384,2776.4663,3090.7183,2944.5693,3209.426,2901.6978,3217.8418,3136.1577,3170.3643,2982.5334,2859.9194,3124.8882
2774.8154296875,2794.2493,2733.1416,2856.7646,2720.0723,2928.1914,2790.9683,2835.7769,2901.279,2931.5105,2636.0454,2655.6733,2911.1504
1545.3489990234375,1723.0593,1504.7467,1680.0834,1650.5269,1652.0167,1671.735,1572.1127,1625.164,1581.4967,1558.625,1484.4751,1660.1316
2168.620849609375,2438.1155,2134.6243,2435.5112,2333.903,2295.7266,2300.4788,2303.6162,2304.016,2288.2444,2259.1172,2153.7964,2327.4512
2475.281005859375,2614.7778,2625.9663,2668.562,2667.6702,2590.0366,2654.7593,2552.8093,2627.5735,2498.4048,2327.099,2356.5647,2610.3003
4762.7412109375,4954.93,4595.6323,4951.3657,4775.977,5113.6416,4861.5557,4954.4014,5087.141,4905.1587,4681.2705,4596.162,5014.6904
2495.638916015625,2755.6086,2502.625,2716.5388,2647.0967,2702.602,2647.6255,2566.2861,2668.1746,2649.1362,2557.828,2471.8806,2712.558
2516.1630859375,2772.6553,2425.1946,2611.382,2568.5676,2786.5073,2423.306,2804.8809,2643.6064,2811.2793,2505.0352,2517.3376,2683.6265
2164.533203125,2232.0715,2108.4531,2212.5679,2242.0083,2348.1482,2244.416,2272.5552,2336.891,2210.2593,2172.6108,2098.2202,2292.6448
2875.331787109375,3103.7266,2893.8962,3044.9866,3003.0137,3041.7532,2888.1172,2995.5298,2994.6768,3102.3076,2873.2637,2794.911,3026.3457
2092.941162109375,2179.783,2031.9545,2169.0366,2162.4631,2192.504,2092.2544,2140.8252,2174.48,2159.383,2063.2224,2017.6697,2168.9011
4969.412109375,5445.0107,4996.923,5467.3267,5439.0938,5255.2783,5438.6123,4866.6504,5119.489,5231.7393,5293.286,4816.368,5334.012
3743.972412109375,4193.018,3651.4822,4205.8496,4103.787,3994.3137,4104.087,3756.7603,3991.467,3828.8293,3736.7783,3553.3743,4155.7026
3805.67236328125,4308.3867,4061.0356,4249.698,4171.7827,4108.3857,4017.98,3962.926,4037.123,4119.2305,3890.7534,3818.4048,4177.292
3188.204345703125,3421.852,3380.565,3425.9956,3444.4534,3285.5042,3441.3423,3172.6807,3320.418,3431.1055,3322.3337,3152.2666,3389.3875
1676.518798828125,1774.5148,1463.998,1734.6516,1660.6891,1702.3285,1444.0464,1972.7356,1729.7974,1706.5969,1392.251,1491.2859,1552.6046
6356.0859375,6645.6704,6017.701,6631.2188,6687.603,6116.364,6747.029,5638.788,6168.989,6391.32,6477.7153,5504.3115,6537.107
4035.951416015625,4307.9277,4016.9746,4296.253,4325.189,4134.3296,4388.8438,4011.7861,4151.2847,4266.1055,3958.6125,3891.3396,4312.902
2364.8642578125,2574.742,2199.5872,2561.649,2568.0547,2429.555,2560.223,2262.7305,2367.9885,2473.143,2491.9692,2200.7197,2519.616
3362.92578125,3378.6714,3261.4246,3282.5837,3428.3835,3851.7996,3499.7092,3610.9065,3844.3518,3331.6763,3315.8806,3356.209,3677.401
2961.88134765625,2923.9897,2795.3926,2751.647,2913.6284,3315.3604,2886.4702,3358.9172,3259.5596,2911.645,2891.0928,3031.3984,2867.2173
1798.1685791015625,1979.7614,1744.4517,1888.2286,1922.3632,1893.4691,1933.7142,1843.6392,1884.0566,1895.2837,1779.007,1749.7697,1923.849
1673.4107666015625,1781.7953,1394.9172,1749.0433,1756.8232,1624.397,1785.0035,1439.7064,1612.5898,1548.3059,1717.3916,1398.5598,1739.262
4786.77880859375,5205.387,4921.652,5155.282,4987.827,5117.703,4883.096,5036.8755,5147.172,5136.6265,4841.002,4881.633,5195.502
1899.90283203125,2114.5454,1914.6864,2087.5833,2014.1095,2023.5697,2050.3677,1928.3146,2040.3109,1935.4607,1915.3593,1869.1748,2039.328
3176.392822265625,3599.9429,3732.8489,3758.233,3588.8887,3440.4163,3393.8635,3644.9258,3697.1843,3444.7104,3142.6396,3237.3423,3577.5713
2164.255126953125,2072.1956,2064.2915,2120.3916,2143.7842,2192.533,2166.1243,2142.7578,2227.1646,2216.2976,2228.2158,2135.0146,2233.617
3206.3779296875,3251.0562,3309.5325,3308.5198,3355.1794,3162.6062,3319.0845,2913.5354,3173.041,3293.431,3220.2651,3111.9236,3257.1482
2766.47314453125,3009.5042,3017.7822,3030.0002,2812.342,2949.1465,2855.8794,2925.8193,3015.0405,2968.7266,2740.4287,2768.0366,3016.5244
7269.09912109375,7917.14,7754.128,7834.248,7823.938,7781.8066,7815.934,7370.6387,7855.9307,7595.2,7453.4478,7341.3677,7814.418
2030.0096435546875,2180.7747,2029.3245,2138.758,2214.2004,2159.7466,2244.3127,2061.08,2191.3784,2126.8171,2036.2493,1952.6195,2204.231
7337.21826171875,8013.339,7502.509,7943.0728,7980.41,7798.0176,8051.926,7304.174,7714.018,7873.8843,7473.933,7190.759,7925.1094
2977.617919921875,3111.7998,3022.2266,3086.811,3135.7668,3120.7551,3003.2866,3102.1833,3113.6797,3139.8354,2936.201,2957.0142,3119.7783
4930.498046875,5261.3433,4975.1875,5250.837,5179.124,5135.668,5127.778,5013.101,5125.871,5160.815,4775.9546,4799.564,5207.6
2540.72412109375,2774.7493,2542.0515,2665.0298,2652.688,2726.4858,2620.1326,2600.2263,2672.3062,2688.1091,2564.461,2502.7192,2719.9294
2040.9456787109375,2202.553,2044.3658,2208.519,2209.2031,2141.9446,2223.4292,2013.157,2106.3179,2182.7905,2171.0774,2020.5559,2185.1414
2948.298095703125,3113.874,3050.7307,3130.4502,3073.0742,3254.8433,3192.982,3148.1125,3345.2285,2978.38,3038.5664,3034.8367,3285.5513
3326.280029296875,3471.8994,3567.3064,3566.7065,3487.7693,3496.2925,3574.6443,3319.7732,3546.3113,3561.6108,3504.892,3403.0054,3535.9707
1250.6539306640625,1318.3696,1205.9797,1403.6416,1225.9266,1377.8844,1329.3689,1261.8771,1365.3142,1287.2743,1180.5608,1175.5977,1411.4415
1481.472900390625,1566.6927,1497.3262,1562.8123,1536.6097,1563.8196,1564.3601,1476.0675,1563.6566,1461.1956,1463.709,1433.5198,1553.2506
1809.25634765625,1923.7836,1779.2231,1917.8013,1904.8215,1825.3646,1868.7201,1808.4933,1816.91,1874.9105,1747.5737,1705.213,1895.9266
3152.050537109375,3498.5261,3124.4092,3448.3965,3440.142,3341.701,3425.2026,3207.0562,3308.6145,3380.013,3235.0112,3087.2202,3443.8574
4971.20556640625,5510.4604,5059.8438,5498.795,5499.894,5333.0146,5514.445,5024.1797,5286.3784,5221.367,5185.8657,4855.263,5452.37
4053.92578125,4380.341,4006.4363,4334.4385,4272.0063,4273.6953,4293.57,4053.322,4179.359,4293.1177,4018.0278,3911.0388,4325.3276
1003.9425048828125,1127.0277,1065.382,1124.042,1106.7875,1067.316,1134.1624,1050.0372,1097.154,1042.8939,1019.9829,1014.85974,1130.1398
2905.85205078125,3102.147,2836.1213,3040.357,2950.969,3129.933,2972.6895,3030.3684,3075.8743,3001.442,2853.1582,2866.44,3112.8386
2964.597412109375,3057.0757,2781.1978,2982.8928,3065.3857,3023.8032,3013.0952,2938.7524,2935.7122,3029.5767,2763.9028,2667.1904,3041.546
2680.772216796875,2737.7603,2762.7263,2736.1597,2755.4622,2589.124,2771.4102,2347.9575,2509.79,2730.0674,2652.5303,2503.8723,2672.1938
5092.23291015625,5613.4854,4760.4424,5429.584,5312.2705,5387.183,5123.2236,5408.9175,5263.8354,5131.5654,4765.8555,4663.3833,5398.575
3139.78271484375,3480.2178,3182.8398,3417.6438,3308.769,3451.5823,3297.929,3338.7405,3446.3643,3243.3335,3183.1663,3142.55,3413.3887
3759.209716796875,3960.3835,3910.5505,4098.253,4012.343,3820.975,3811.7725,3946.35,3943.9368,4104.2095,3928.4543,3798.497,3988.4355
2711.329833984375,2728.421,2656.255,2708.738,2716.0828,2658.89,2727.2395,2622.0361,2617.5537,2736.4116,2646.7632,2666.2466,2689.702
4769.421875,4826.578,4882.8955,4771.693,4966.748,4853.542,4997.4976,4226.7114,4847.663,4828.88,4939.0806,4663.2656,4841.1494
1378.5205078125,1545.9928,1333.7515,1424.8013,1455.4205,1506.0574,1452.9404,1479.7648,1489.0128,1448.7672,1394.9667,1351.3938,1482.2688
1052.8956298828125,1059.5458,1031.4019,1051.8014,1054.695,1032.4695,1058.9954,1018.2303,1016.26337,1062.6333,1027.7421,1035.3262,1044.3208
1428.0447998046875,1506.8717,1357.8281,1462.7936,1492.4657,1479.224,1523.3468,1361.8782,1430.8851,1465.5579,1389.2627,1344.5806,1489.2617
2914.188720703125,2917.0183,2891.2178,2803.2244,2917.6624,3048.9502,2950.8994,2985.444,3045.0024,3004.2979,2813.007,2816.3416,2977.1304
2182.641845703125,2196.4468,2138.322,2180.5854,2186.5132,2140.5344,2195.5332,2110.6055,2107.279,2202.8774,2130.6514,2146.3113,2165.3667
3518.12353515625,3423.3745,3528.4573,3397.4739,3460.8875,3731.6055,3375.172,3753.6182,3754.9805,3760.2974,3398.5938,3540.7751,3481.4395
3043.88232421875,3316.499,2989.485,3238.3123,3209.515,3216.4788,3167.5713,3140.1775,3174.708,3162.0725,3037.573,2982.3997,3201.9446
4586.498046875,4845.1763,4481.235,4658.6323,4833.31,4833.9185,4870.962,4604.7915,4745.5747,4762.054,4490.442,4411.084,4753.793
3181.4150390625,3215.475,3002.994,3235.2197,3232.7236,3106.797,3280.9646,2970.578,3052.7292,3238.4531,2938.5273,2828.9604,3218.8772
